round,topic,A_is_after,question_A,question_B,score_A,score_B,score_before,score_after,judge_raw
1,演算法 - 圖論(Graph Algorithms)：BFS / DFS,False,"請用繁體中文根據主題「演算法 - 圖論(Graph Algorithms)：BFS / DFS」出一道單選題（四選一），包含題目、選項(A/B/C/D)、答案以及簡短解析。題目應具體且不易引起混淆，選項設計要有區別但又不能過於複雜。

題目：在圖論中，使用BFS（廣度優先搜尋）和DFS（深度優先搜尋）來遍歷一個無權重的圖，若要找出從起點到終點的最短路徑，應該選擇哪種演算法？

A. BFS
B. DFS
C. Dijkstra
D. Kruskal

答案：A

解析：在無權重的圖中，BFS能確保找到從起點到終點的最短路徑，因為它會逐層擴散，最先到達目標節點的路徑就是最短的。而DFS則不一定能找到最短路徑，它會深入探索某個方向直到無法繼續為止，才會回溯並嘗試其他方向。Dijkstra演算法適用於帶權重的圖，而Kruskal演算法用於最小生成樹問題，因此都不適合此情境。因此正確答案是A。 BFS。 解析：在無權重的圖中，BFS能確保找到從起點到終點的最短路徑","請用繁體中文根據主題「演算法 - 圖論(Graph Algorithms)：BFS / DFS」出一道單選題（四選一），包含題目、選項(A/B/C/D)、答案以及簡短解析。 题目：在圖論中，使用 BFS (廣度優先搜尋) 和 DFS (深度優先搜尋) 來遍歷圖時，哪種方法會首先訪問與起始節點直接相連的節點？

A. BFS  
B. DFS  
C. 同時  
D. 不一定

答案：B

解析：DFS（深度優先搜尋）會首先訪問與起始節點直接相連的節點，因為它會盡可能深入地探索一個分支，直到不能再深入為止，然後才返回並探索其他分支。而 BFS（廣度優先搜尋）則會先訪問所有與起始節點直接相連的節點，然後再訪問這些節點的鄰居節點。因此，DFS 會首先訪問與起始節點直接相連的節點。",1,2,1,2,針對這兩份試題的評分如下：\n\n### 試題 A 評分\n\n這道題目非常標準且準確地測驗了 BFS 與 DFS 在「無權重圖」中尋找「最短路徑」的特性差異。\n1.  **概念正確性**：題目清楚指出了無權重圖的情境，這正是 BFS 發揮尋找最短路徑優勢的最佳場景。解析中對於為什麼選擇 BFS（逐層擴散）以及為什麼不選 DFS（可能繞遠路）解釋得非常到位。\n2.  **選項設計**：選項包含了 Dijkstra（權重圖最短路徑）和 Kruskal（最小生成樹），這些都是具有強干擾性且符合圖論主題的合理選項，能有效測驗學生是否分得清不同演算法的適用場景。\n3.  **文字與格式**：雖然在提供的文本結尾處，解析部分有一點重複複製貼上的小瑕疵（重複了「解析：...」一段），但不影響題目本身的邏輯與教學價值。\n\n這是一道優質的基礎觀念題，能夠有效區分學生是否理解 BFS 的核心幾何意義。\n\nScore: 9\n\n### 試題 B 評分\n\n這道題目存在嚴重的邏輯瑕疵與定義不清的問題，容易誤導學生。\n1.  **概念模糊與錯誤**：題目問「哪種方法會首先訪問與起始節點直接相連的節點？」。\n    *   如果是指「先訪問完所有鄰居」，那答案絕對是 BFS（廣度優先）。\n    *   如果是指「第一步訪問鄰居」，兩者第一步都是訪問鄰居，無法區分。\n2.  **解析邏輯矛盾**：解析中承認「BFS 則會先訪問所有與起始節點直接相連的節點」，但結論卻莫名其妙地說是 DFS。事實上，DFS 的特性是訪問一個鄰居後立刻深入（離開起始點的鄰域），而 BFS 才是停留在起始點周圍直到訪問完所有鄰居。因此，將答案設為 B (DFS) 是觀念上的錯誤。\n3.  **教學價值**：這題的敘述與答案會讓學生對 BFS/DFS 的定義產生混淆，屬於無效甚至有害的試題。\n\n基於題目本身的邏輯與答案的解釋互相衝突，且違背演算法的基本定義。\n\nScore: 2

Totals:
total_before,1
total_after,2
