round,topic,A_is_after,question_A,question_B,gemini_judge,gemini_choice,score_before,score_after
1,程式設計 - 函數式程式設計(Functional Programming),True,"請提供一題關於 程式設計 - 函數式程式設計(Functional Programming) 的四選一單選題。 以下是一題關於程式設計 - 函數式程式設計的四選一單選題：

在函數式程式設計中，下列哪種概念最能描述「純函數」（Pure Function）的特性？

A. 結果可能會根據外部狀態改變
B. 每次執行都會產生不同的結果
C. 沒有副作用且每次執行都會產生相同的結果
D. 可以修改外部變數

正確答案：C. 沒有副作用且每次執行都會產生相同的結果

解析：純函數是指一個函數在相同輸入下總是產生相同的輸出，並且不會修改外部狀態或引起其他副作用。這意味著純函數是可預測的、無副作用的，並且可以安全地重複運行而不需要擔心其行為會發生變化。其他選項描述的特性不符合純函數的定義。","請提供一題關於 程式設計 - 函數式程式設計(Functional Programming) 的四選一單選題。以下是一題範例：

在函數式程式設計中，下列哪種模式最常被用來處理資料結構的變換和操作？
A. 遍歷
B. 事件驅動
C. 傳遞式
D. 高階函數

答案是 D. 高階函數。 在函數式程式設計中，下列哪種模式最常被用來處理資料結構的變換和操作？
A. 遍歷
B. 事件驅動
C. 傳遞式
D. 高階函數

答案是 D. 高階函數。 

高階函數（Higher-order functions）在函數式程式設計中扮演著核心角色，因為它可以接受其他函數作為參數或返回函數作為結果，這使得它們非常適合用於處理資料結構的變換和操作。例如，map、filter 和 reduce 等函數都是高階函數的例子。",A 題目定義精確、選項設計邏輯分明且排版整潔，B 題目內容有明顯的文字重複錯誤且選項用語較不精準。\nWinner: A,A,0,1
2,資料庫 - 事件串流(Event Streaming)：Kafka 基礎,False,"請提供一題關於 資料庫 - 事件串流(Event Streaming)：Kafka 基礎 的四選一單選題。


以下是一題關於資料庫 - 事件串流(Event Streaming)：Kafka 基礎 的四選一單選題：

哪個選項不是 Kafka 的主要特性？
A. 高效的訊息傳輸
B. 分布式系統支援
C. 只支援單一主題（topic）的訊息存儲
D. 良好的容錯性和 durability 能力

正確答案是 C，因為 Kafka 支援多個主題（topics）來存儲和傳輸訊息。其他選項都是 Kafka 的主要特性。","請提供一題關於 資料庫 - 事件串流(Event Streaming)：Kafka 基礎 的四選一單選題。 選項中包含正確答案和錯誤答案，並請提供題目描述和選項。

### 题目描述

以下哪個選項是 Kafka 在事件串流(Event Streaming)中的主要功能之一？

### 選項

A. Kafka 是一個關係型資料庫，用於存儲結構化數據。

B. Kafka 用於實時處理大量數據流，支持高吞吐量和低延遲。

C. Kafka 主要用於存儲靜態數據，如用戶信息和產品詳情。

D. Kafka 是一種編程語言，用於開發事件驅動的應用程序。 ### 答案

B. Kafka 用於實時處理大量數據流，支持高吞吐量和低延遲。 

### 解釋

- **A** 是錯誤的，因為 Kafka 不是一個關係型資料庫，而是一個分布式消息系統，用於存儲和傳輸大量的數據流。
- **B** 是正確的，Kafka 確實用於實時處理大量數據流，並且能夠支持高吞吐量和低延遲。
- **C** 是錯誤的，因為 Kafka 主要不是用於存儲",B更能準確定義 Kafka 的核心用途並釐清常見誤區（如誤認為關聯式資料庫），且正向提問較負向提問更具教學價值。\nWinner: B,B,0,1

Totals:
score_before,0
score_after,2
